Workbook

Sheet Estado general
A1: ID | B1: Equipo | C1: Nombre | D1: Tipo | E1: Última revisión | F1: Condición | G1: Número de partes | H1: Notas | I1: Manual
A2: ="E" & TEXT(ROW()-1, "000") -> E001 | B2: Horox 80x500 | C2: Galileo | D2: Telescopio | E2: =IFERROR(__xludf.DUMMYFUNCTION("INDEX(FILTER(Historial!E:E, Historial!B:B=A2), COUNT(FILTER(Historial!E:E, Historial!B:B=A2)))"),45950.0) -> 45950 | F2: =Historial!D2 -> Faltan piezas | G2: =COUNTIF(Partes!A:A, A2) -> 9 | I2: manual horox.pdf
A3: ="E" & TEXT(ROW()-1, "000") -> E002 | B3: Sky Watcher Star Adventurer GTi | C3: Atlas | D3: Montura ecuatorial motorizada | E3: =IFERROR(__xludf.DUMMYFUNCTION("INDEX(FILTER(Historial!E:E, Historial!B:B=A3), COUNT(FILTER(Historial!E:E, Historial!B:B=A3)))"),"#N/A") -> #N/A | F3: =Historial!D3 | G3: =COUNTIF(Partes!A:A, A3) -> 6 | I3: sagti_manual_rev8c.pdf
A4: ="E" & TEXT(ROW()-1, "000") -> E003 | C4: Hades | E4: =IFERROR(__xludf.DUMMYFUNCTION("INDEX(FILTER(Historial!E:E, Historial!B:B=A4), COUNT(FILTER(Historial!E:E, Historial!B:B=A4)))"),"#N/A") -> #N/A | F4: =Historial!D4 | G4: =COUNTIF(Partes!A:A, A4) -> 0
A5: ="E" & TEXT(ROW()-1, "000") -> E004 | C5: Genérico | E5: =IFERROR(__xludf.DUMMYFUNCTION("INDEX(FILTER(Historial!E:E, Historial!B:B=A5), COUNT(FILTER(Historial!E:E, Historial!B:B=A5)))"),"#N/A") -> #N/A | F5: =Historial!D5 | G5: =COUNTIF(Partes!A:A, A5) -> 0
A6: ="E" & TEXT(ROW()-1, "000") -> E005 | B6: Astromaster 114EQ | C6: Celestron | E6: =IFERROR(__xludf.DUMMYFUNCTION("INDEX(FILTER(Historial!E:E, Historial!B:B=A6), COUNT(FILTER(Historial!E:E, Historial!B:B=A6)))"),"#N/A") -> #N/A | F6: =Historial!D6 | G6: =COUNTIF(Partes!A:A, A6) -> 0 | I6: astromaster-70eq-y-114eq.pdf
F7: =Historial!D7
F8: =Historial!D8
F9: =Historial!D9
F10: =Historial!D10
A13: ="E" & TEXT(ROW()-1, "000") -> E012 | B13: Tapa con filtro (incluyendo tapa pequeña) | C13: Sin nombre | D13: Telescopio | E13: 45947 | F13: 8.5/10
A14: ="E" & TEXT(ROW()-1, "000") -> E013 | B14: Cola de milán original | C14: Sin nombre | D14: Telescopio | E14: 45947 | F14: 45938
A15: ="E" & TEXT(ROW()-1, "000") -> E014 | B15: Tapa blanca diagonal | C15: Sin nombre | D15: Cajas y tapas | E15: 45947 | F15: 45940
A16: ="E" & TEXT(ROW()-1, "000") -> E015 | B16: Buscador | C16: Sin nombre | D16: Telescopio | E16: 45947 | F16: 45939
A17: ="E" & TEXT(ROW()-1, "000") -> E016 | B17: Ocular 20mm | C17: Sin nombre | D17: Telescopio | E17: 45947 | F17: 7.5/10
A18: ="E" & TEXT(ROW()-1, "000") -> E017 | B18: Cajita para guardar ocular | C18: Sin nombre | D18: Cajas y tapas | E18: 45947 | F18: 45939
A19: ="E" & TEXT(ROW()-1, "000") -> E018 | B19: Diagonal (con parte circular) | C19: Sin nombre | D19: Telescopio | E19: 45947 | F19: 45938
A20: ="E" & TEXT(ROW()-1, "000") -> E019 | B20: Tapas ocular 20mm | C20: Sin nombre | D20: Cajas y tapas | E20: 45947 | F20: 8.5/10
A21: ="E" & TEXT(ROW()-1, "000") -> E020 | B21: Diagonal (con parte triangular) | C21: Sin nombre | D21: Telescopio | E21: 45947 | F21: 45937
A22: ="E" & TEXT(ROW()-1, "000") -> E021 | B22: Tapa rara (no sé para qué es) | C22: Sin nombre | D22: Cajas y tapas | E22: 45947 | F22: 45938
A23: ="E" & TEXT(ROW()-1, "000") -> E022 | B23: Ocular 9mm | C23: Sin nombre | D23: Telescopio | E23: 45947 | F23: 45939
A24: ="E" & TEXT(ROW()-1, "000") -> E023 | B24: Caja ocular 9mm | C24: Sin nombre | D24: Cajas y tapas | E24: 45947 | F24: 45939
A25: ="E" & TEXT(ROW()-1, "000") -> E024 | B25: Tapas sueltas (ni idea) | C25: Sin nombre | D25: Cajas y tapas | E25: 45947 | F25: 45938
A26: ="E" & TEXT(ROW()-1, "000") -> E025 | B26: Pata trípode | C26: Sin nombre | D26: Trípode | E26: 45947 | F26: 45933
A27: ="E" & TEXT(ROW()-1, "000") -> E026 | B27: Destornillador (el de mover el telescopio) | C27: Sin nombre | D27: Telescopio | E27: 45947 | F27: 45938
A28: ="E" & TEXT(ROW()-1, "000") -> E027 | B28: Montura vieja | C28: Sin nombre | D28: Monturas | E28: 45947 | F28: 45935
A29: ="E" & TEXT(ROW()-1, "000") -> E028 | B29: Láser | C29: Sin nombre | D29: Instrumentos | E29: 45947 | F29: 45939
A30: ="E" & TEXT(ROW()-1, "000") -> E029 | B30: Diagonal dañada | C30: Sin nombre | D30: Telescopio | E30: 45947 | F30: 45933
A31: ="E" & TEXT(ROW()-1, "000") -> E030 | B31: Soplador, limpiador y trapito | C31: Sin nombre | D31: Instrumentos | E31: 45947 | F31: 45939
A32: ="E" & TEXT(ROW()-1, "000") -> E031 | B32: Trípode viejo galileo | C32: Sin nombre | D32: Trípode | E32: 45947 | F32: 45934

Sheet Partes
A1: ID Equipo | B1: Nombre del equipo al que pertenece | C1: ID Pieza | D1: Nombre de la pieza | E1: Estado | F1: Última revisión | G1: Foto | H1: Notas
A2: E001 | B2: =VLOOKUP(A2, 'Estado general'!A:C, 3, FALSE) -> Galileo | C2: ="P" & TEXT(COUNTIF($A$2:A2, A2), "000") -> P001 | D2: Telescopio | E2: =IFERROR(__xludf.DUMMYFUNCTION("INDEX(FILTER(Historial!D:D, Historial!B:B=A2, Historial!C:C=C2), COUNT(FILTER(Historial!D:D, Historial!B:B=A2, Historial!C:C=C2)))"),"Faltan piezas") -> Faltan piezas | F2: =IFERROR(__xludf.DUMMYFUNCTION("INDEX(FILTER(Historial!E:E, Historial!B:B=A2, Historial!C:C=C2), COUNT(FILTER(Historial!E:E, Historial!B:B=A2, Historial!C:C=C2)))"),45950.0) -> 45950
A3: E001 | B3: =VLOOKUP(A3, 'Estado general'!A:C, 3, FALSE) -> Galileo | C3: ="P" & TEXT(COUNTIF($A$2:A3, A3), "000") -> P002 | D3: Ocular 20mm | E3: =IFERROR(__xludf.DUMMYFUNCTION("INDEX(FILTER(Historial!D:D, Historial!B:B=A3, Historial!C:C=C3), COUNT(FILTER(Historial!D:D, Historial!B:B=A3, Historial!C:C=C3)))"),"#N/A") -> #N/A | F3: =IFERROR(__xludf.DUMMYFUNCTION("INDEX(FILTER(Historial!E:E, Historial!B:B=A3, Historial!C:C=C3), COUNT(FILTER(Historial!E:E, Historial!B:B=A3, Historial!C:C=C3)))"),"#N/A") -> #N/A
A4: E001 | B4: =VLOOKUP(A4, 'Estado general'!A:C, 3, FALSE) -> Galileo | C4: ="P" & TEXT(COUNTIF($A$2:A4, A4), "000") -> P003 | D4: Ocular 9mm | E4: =IFERROR(__xludf.DUMMYFUNCTION("INDEX(FILTER(Historial!D:D, Historial!B:B=A4, Historial!C:C=C4), COUNT(FILTER(Historial!D:D, Historial!B:B=A4, Historial!C:C=C4)))"),"#N/A") -> #N/A | F4: =IFERROR(__xludf.DUMMYFUNCTION("INDEX(FILTER(Historial!E:E, Historial!B:B=A4, Historial!C:C=C4), COUNT(FILTER(Historial!E:E, Historial!B:B=A4, Historial!C:C=C4)))"),"#N/A") -> #N/A
A5: E001 | B5: =VLOOKUP(A5, 'Estado general'!A:C, 3, FALSE) -> Galileo | C5: ="P" & TEXT(COUNTIF($A$2:A5, A5), "000") -> P004 | D5: Diagonal original | E5: =IFERROR(__xludf.DUMMYFUNCTION("INDEX(FILTER(Historial!D:D, Historial!B:B=A5, Historial!C:C=C5), COUNT(FILTER(Historial!D:D, Historial!B:B=A5, Historial!C:C=C5)))"),"#N/A") -> #N/A | F5: =IFERROR(__xludf.DUMMYFUNCTION("INDEX(FILTER(Historial!E:E, Historial!B:B=A5, Historial!C:C=C5), COUNT(FILTER(Historial!E:E, Historial!B:B=A5, Historial!C:C=C5)))"),"#N/A") -> #N/A
A6: E001 | B6: =VLOOKUP(A6, 'Estado general'!A:C, 3, FALSE) -> Galileo | C6: ="P" & TEXT(COUNTIF($A$2:A6, A6), "000") -> P005 | D6: Diagonal TEMU | E6: =IFERROR(__xludf.DUMMYFUNCTION("INDEX(FILTER(Historial!D:D, Historial!B:B=A6, Historial!C:C=C6), COUNT(FILTER(Historial!D:D, Historial!B:B=A6, Historial!C:C=C6)))"),"#N/A") -> #N/A | F6: =IFERROR(__xludf.DUMMYFUNCTION("INDEX(FILTER(Historial!E:E, Historial!B:B=A6, Historial!C:C=C6), COUNT(FILTER(Historial!E:E, Historial!B:B=A6, Historial!C:C=C6)))"),"#N/A") -> #N/A
A7: E001 | B7: =VLOOKUP(A7, 'Estado general'!A:C, 3, FALSE) -> Galileo | C7: ="P" & TEXT(COUNTIF($A$2:A7, A7), "000") -> P006 | D7: Montura | E7: =IFERROR(__xludf.DUMMYFUNCTION("INDEX(FILTER(Historial!D:D, Historial!B:B=A7, Historial!C:C=C7), COUNT(FILTER(Historial!D:D, Historial!B:B=A7, Historial!C:C=C7)))"),"#N/A") -> #N/A | F7: =IFERROR(__xludf.DUMMYFUNCTION("INDEX(FILTER(Historial!E:E, Historial!B:B=A7, Historial!C:C=C7), COUNT(FILTER(Historial!E:E, Historial!B:B=A7, Historial!C:C=C7)))"),"#N/A") -> #N/A
A8: E001 | B8: =VLOOKUP(A8, 'Estado general'!A:C, 3, FALSE) -> Galileo | C8: ="P" & TEXT(COUNTIF($A$2:A8, A8), "000") -> P007 | D8: Tripode | E8: =IFERROR(__xludf.DUMMYFUNCTION("INDEX(FILTER(Historial!D:D, Historial!B:B=A8, Historial!C:C=C8), COUNT(FILTER(Historial!D:D, Historial!B:B=A8, Historial!C:C=C8)))"),"#N/A") -> #N/A | F8: =IFERROR(__xludf.DUMMYFUNCTION("INDEX(FILTER(Historial!E:E, Historial!B:B=A8, Historial!C:C=C8), COUNT(FILTER(Historial!E:E, Historial!B:B=A8, Historial!C:C=C8)))"),"#N/A") -> #N/A
A9: E001 | B9: =VLOOKUP(A9, 'Estado general'!A:C, 3, FALSE) -> Galileo | C9: ="P" & TEXT(COUNTIF($A$2:A9, A9), "000") -> P008 | D9: Kit de limpieza | E9: =IFERROR(__xludf.DUMMYFUNCTION("INDEX(FILTER(Historial!D:D, Historial!B:B=A9, Historial!C:C=C9), COUNT(FILTER(Historial!D:D, Historial!B:B=A9, Historial!C:C=C9)))"),"#N/A") -> #N/A | F9: =IFERROR(__xludf.DUMMYFUNCTION("INDEX(FILTER(Historial!E:E, Historial!B:B=A9, Historial!C:C=C9), COUNT(FILTER(Historial!E:E, Historial!B:B=A9, Historial!C:C=C9)))"),"#N/A") -> #N/A
A10: E001 | B10: =VLOOKUP(A10, 'Estado general'!A:C, 3, FALSE) -> Galileo | C10: ="P" & TEXT(COUNTIF($A$2:A10, A10), "000") -> P009 | D10: Maleta | E10: =IFERROR(__xludf.DUMMYFUNCTION("INDEX(FILTER(Historial!D:D, Historial!B:B=A10, Historial!C:C=C10), COUNT(FILTER(Historial!D:D, Historial!B:B=A10, Historial!C:C=C10)))"),"#N/A") -> #N/A | F10: =IFERROR(__xludf.DUMMYFUNCTION("INDEX(FILTER(Historial!E:E, Historial!B:B=A10, Historial!C:C=C10), COUNT(FILTER(Historial!E:E, Historial!B:B=A10, Historial!C:C=C10)))"),"#N/A") -> #N/A
A11: E002 | B11: =VLOOKUP(A11, 'Estado general'!A:C, 3, FALSE) -> Atlas | C11: ="P" & TEXT(COUNTIF($A$2:A11, A11), "000") -> P001 | D11: Montura | E11: =IFERROR(__xludf.DUMMYFUNCTION("INDEX(FILTER(Historial!D:D, Historial!B:B=A11, Historial!C:C=C11), COUNT(FILTER(Historial!D:D, Historial!B:B=A11, Historial!C:C=C11)))"),"#N/A") -> #N/A | F11: =IFERROR(__xludf.DUMMYFUNCTION("INDEX(FILTER(Historial!E:E, Historial!B:B=A11, Historial!C:C=C11), COUNT(FILTER(Historial!E:E, Historial!B:B=A11, Historial!C:C=C11)))"),"#N/A") -> #N/A
A12: E002 | B12: =VLOOKUP(A12, 'Estado general'!A:C, 3, FALSE) -> Atlas | C12: ="P" & TEXT(COUNTIF($A$2:A12, A12), "000") -> P002 | D12: Extensor | E12: =IFERROR(__xludf.DUMMYFUNCTION("INDEX(FILTER(Historial!D:D, Historial!B:B=A12, Historial!C:C=C12), COUNT(FILTER(Historial!D:D, Historial!B:B=A12, Historial!C:C=C12)))"),"#N/A") -> #N/A | F12: =IFERROR(__xludf.DUMMYFUNCTION("INDEX(FILTER(Historial!E:E, Historial!B:B=A12, Historial!C:C=C12), COUNT(FILTER(Historial!E:E, Historial!B:B=A12, Historial!C:C=C12)))"),"#N/A") -> #N/A
A13: E002 | B13: =VLOOKUP(A13, 'Estado general'!A:C, 3, FALSE) -> Atlas | C13: ="P" & TEXT(COUNTIF($A$2:A13, A13), "000") -> P003 | D13: Adaptador a extensor | E13: =IFERROR(__xludf.DUMMYFUNCTION("INDEX(FILTER(Historial!D:D, Historial!B:B=A13, Historial!C:C=C13), COUNT(FILTER(Historial!D:D, Historial!B:B=A13, Historial!C:C=C13)))"),"#N/A") -> #N/A | F13: =IFERROR(__xludf.DUMMYFUNCTION("INDEX(FILTER(Historial!E:E, Historial!B:B=A13, Historial!C:C=C13), COUNT(FILTER(Historial!E:E, Historial!B:B=A13, Historial!C:C=C13)))"),"#N/A") -> #N/A
A14: E002 | B14: =VLOOKUP(A14, 'Estado general'!A:C, 3, FALSE) -> Atlas | C14: ="P" & TEXT(COUNTIF($A$2:A14, A14), "000") -> P004 | D14: Cargador 1 | E14: =IFERROR(__xludf.DUMMYFUNCTION("INDEX(FILTER(Historial!D:D, Historial!B:B=A14, Historial!C:C=C14), COUNT(FILTER(Historial!D:D, Historial!B:B=A14, Historial!C:C=C14)))"),"#N/A") -> #N/A | F14: =IFERROR(__xludf.DUMMYFUNCTION("INDEX(FILTER(Historial!E:E, Historial!B:B=A14, Historial!C:C=C14), COUNT(FILTER(Historial!E:E, Historial!B:B=A14, Historial!C:C=C14)))"),"#N/A") -> #N/A
A15: E002 | B15: =VLOOKUP(A15, 'Estado general'!A:C, 3, FALSE) -> Atlas | C15: ="P" & TEXT(COUNTIF($A$2:A15, A15), "000") -> P005 | D15: Cargador 2 | E15: =IFERROR(__xludf.DUMMYFUNCTION("INDEX(FILTER(Historial!D:D, Historial!B:B=A15, Historial!C:C=C15), COUNT(FILTER(Historial!D:D, Historial!B:B=A15, Historial!C:C=C15)))"),"#N/A") -> #N/A | F15: =IFERROR(__xludf.DUMMYFUNCTION("INDEX(FILTER(Historial!E:E, Historial!B:B=A15, Historial!C:C=C15), COUNT(FILTER(Historial!E:E, Historial!B:B=A15, Historial!C:C=C15)))"),"#N/A") -> #N/A
A16: E002 | B16: =VLOOKUP(A16, 'Estado general'!A:C, 3, FALSE) -> Atlas | C16: ="P" & TEXT(COUNTIF($A$2:A16, A16), "000") -> P006 | D16: Tripode | E16: =IFERROR(__xludf.DUMMYFUNCTION("INDEX(FILTER(Historial!D:D, Historial!B:B=A16, Historial!C:C=C16), COUNT(FILTER(Historial!D:D, Historial!B:B=A16, Historial!C:C=C16)))"),"#N/A") -> #N/A | F16: =IFERROR(__xludf.DUMMYFUNCTION("INDEX(FILTER(Historial!E:E, Historial!B:B=A16, Historial!C:C=C16), COUNT(FILTER(Historial!E:E, Historial!B:B=A16, Historial!C:C=C16)))"),"#N/A") -> #N/A

Sheet Historial
A1: ID | B1: ID Equipo | C1: ID Parte | D1: Estado | E1: Fecha | F1: Detalles | G1: Foto | H1: Revisor
A2: ="H" & TEXT(ROW()-1, "000") -> H001 | B2: E001 | C2: P001 | D2: Faltan piezas | E2: 45950 | F2: Falta la tapa trasera
A3: ="H" & TEXT(ROW()-1, "000") -> H002
A4: ="H" & TEXT(ROW()-1, "000") -> H003
A5: ="H" & TEXT(ROW()-1, "000") -> H004

Sheet Helper
A1: Galileo | Z1: =IFERROR(__xludf.DUMMYFUNCTION("QUERY(UNIQUE(FILTER(Partes!D:D,Partes!B:B=A1))) "),"Telescopio") -> Telescopio
Z2: =IFERROR(__xludf.DUMMYFUNCTION("""COMPUTED_VALUE"""),"Ocular 20mm") -> Ocular 20mm
Z3: =IFERROR(__xludf.DUMMYFUNCTION("""COMPUTED_VALUE"""),"Ocular 9mm") -> Ocular 9mm
Z4: =IFERROR(__xludf.DUMMYFUNCTION("""COMPUTED_VALUE"""),"Diagonal original") -> Diagonal original
Z5: =IFERROR(__xludf.DUMMYFUNCTION("""COMPUTED_VALUE"""),"Diagonal TEMU") -> Diagonal TEMU
Z6: =IFERROR(__xludf.DUMMYFUNCTION("""COMPUTED_VALUE"""),"Montura") -> Montura
Z7: =IFERROR(__xludf.DUMMYFUNCTION("""COMPUTED_VALUE"""),"Tripode") -> Tripode
Z8: =IFERROR(__xludf.DUMMYFUNCTION("""COMPUTED_VALUE"""),"Kit de limpieza") -> Kit de limpieza
Z9: =IFERROR(__xludf.DUMMYFUNCTION("""COMPUTED_VALUE"""),"Maleta") -> Maleta
